wheelbase,carlength,carwidth,carheight,curbweight,enginesize,boreratio,compressionratio,horsepower,citympg,highwaympg,price,price_log,enginesize_log,curbweight_log,fueltype_diesel,fueltype_gas,aspiration_std,aspiration_turbo,carbody_convertible,carbody_hatchback,carbody_sedan,drivewheel_fwd,drivewheel_rwd,enginelocation_front,enginelocation_rear,enginetype_dohc,enginetype_l,enginetype_ohc,enginetype_ohcf,enginetype_ohcv,cylindernumber_eight,cylindernumber_five,cylindernumber_four,cylindernumber_six,fuelsystem_1bbl,fuelsystem_2bbl,fuelsystem_idi,fuelsystem_mpfi,gama
88.6,168.8,64.1,48.8,2548,130,3.47,9.0,111,21,27,13495.0,9.510074525452104,4.867534450455582,7.843064016692054,0,1,1,0,1,0,0,0,1,1,0,1,0,0,0,0,0,0,1,0,0,0,0,1,1
88.6,168.8,64.1,48.8,2548,130,3.47,9.0,111,21,27,16500.0,9.711115659888671,4.867534450455582,7.843064016692054,0,1,1,0,1,0,0,0,1,1,0,1,0,0,0,0,0,0,1,0,0,0,0,1,1
94.5,171.2,65.5,52.4,2823,152,2.68,9.0,154,19,26,16500.0,9.711115659888671,5.0238805208462765,7.945555428253489,0,1,1,0,0,1,0,0,1,1,0,0,0,0,0,1,0,0,0,1,0,0,0,1,1
99.8,176.6,66.2,54.3,2337,109,3.19,10.0,102,24,30,13950.0,9.543234787249512,4.691347882229144,7.756623334538858,0,1,1,0,0,0,1,1,0,1,0,0,0,1,0,0,0,0,1,0,0,0,0,1,1
99.4,176.6,66.4,54.3,2824,136,3.19,8.0,115,18,22,17450.0,9.767094927630572,4.912654885736052,7.945909598613133,0,1,1,0,0,0,1,0,0,1,0,0,0,1,0,0,0,1,0,0,0,0,0,1,1
99.8,177.3,66.3,53.1,2507,136,3.19,8.5,110,19,25,15250.0,9.632334782035558,4.912654885736052,7.826842098158293,0,1,1,0,0,0,1,1,0,1,0,0,0,1,0,0,0,1,0,0,0,0,0,1,1
105.8,192.7,71.4,55.7,2844,136,3.19,8.5,110,19,25,17710.0,9.78188473077688,4.912654885736052,7.952966790923131,0,1,1,0,0,0,1,1,0,1,0,0,0,1,0,0,0,1,0,0,0,0,0,1,1
105.8,192.7,71.4,55.7,2954,136,3.19,8.5,110,19,25,18920.0,9.847974842605868,4.912654885736052,7.990915463091325,0,1,1,0,0,0,0,1,0,1,0,0,0,1,0,0,0,1,0,0,0,0,0,1,1
105.8,192.7,71.4,55.9,3086,131,3.13,8.3,140,17,20,23875.0,10.08058716534893,4.875197323201151,8.034631032923107,0,1,0,1,0,0,1,1,0,1,0,0,0,1,0,0,0,1,0,0,0,0,0,1,1
99.5,178.2,67.9,52.0,3053,131,3.13,7.0,160,16,22,17859.167,9.790272212805272,4.875197323201151,8.023879992734878,0,1,0,1,0,1,0,0,0,1,0,0,0,1,0,0,0,1,0,0,0,0,0,1,1
101.2,176.8,64.8,54.3,2395,108,3.5,8.8,101,23,29,16430.0,9.706864211031316,4.68213122712422,7.781138509845015,0,1,1,0,0,0,1,0,1,1,0,0,0,1,0,0,0,0,1,0,0,0,0,1,1
101.2,176.8,64.8,54.3,2395,108,3.5,8.8,101,23,29,16925.0,9.736547097780475,4.68213122712422,7.781138509845015,0,1,1,0,0,0,1,0,1,1,0,0,0,1,0,0,0,0,1,0,0,0,0,1,1
101.2,176.8,64.8,54.3,2710,164,3.31,9.0,121,21,28,20970.0,9.950848123895966,5.099866427824199,7.904703913873747,0,1,1,0,0,0,1,0,1,1,0,0,0,1,0,0,0,0,0,1,0,0,0,1,1
101.2,176.8,64.8,54.3,2765,164,3.31,9.0,121,21,28,21105.0,9.9572652582166,5.099866427824199,7.9247959139564355,0,1,1,0,0,0,1,0,1,1,0,0,0,1,0,0,0,0,0,1,0,0,0,1,1
103.5,189.0,66.9,55.7,3055,164,3.31,9.0,121,20,25,24565.0,10.109077944602747,5.099866427824199,8.024534871605695,0,1,1,0,0,0,1,0,1,1,0,0,0,1,0,0,0,0,0,1,0,0,0,1,1
103.5,189.0,66.9,55.7,3230,209,3.62,8.0,182,16,22,30760.0,10.33397042361958,5.342334251964811,8.080237416216702,0,1,1,0,0,0,1,0,1,1,0,0,0,1,0,0,0,0,0,1,0,0,0,1,1
110.0,197.0,70.9,56.3,3505,209,3.62,8.0,182,15,20,36880.0,10.51542467767053,5.342334251964811,8.16194579946869,0,1,1,0,0,0,1,0,1,1,0,0,0,1,0,0,0,0,0,1,0,0,0,1,1
88.4,141.1,60.3,53.2,1488,61,2.91,9.5,48,47,53,5151.0,8.546946149565585,4.110873864173311,7.305188215393037,0,1,1,0,0,1,0,1,0,1,0,0,1,0,0,0,0,0,0,0,0,1,0,0,0
94.5,155.9,63.6,52.0,1874,90,3.03,9.6,70,38,43,6295.0,8.747510946478448,4.499809670330265,7.535830462798367,0,1,1,0,0,1,0,1,0,1,0,0,0,1,0,0,0,0,1,0,0,1,0,0,0
94.5,158.8,63.6,52.0,1909,90,3.03,9.6,70,38,43,6575.0,8.791029857045965,4.499809670330265,7.554334823725748,0,1,1,0,0,0,1,1,0,1,0,0,0,1,0,0,0,0,1,0,0,1,0,0,0
93.7,157.3,63.8,50.8,1876,90,2.97,9.41,68,37,41,5572.0,8.625509334899697,4.499809670330265,7.53689712956617,0,1,1,0,0,1,0,1,0,1,0,0,0,1,0,0,0,0,1,0,0,1,0,0,0
93.7,157.3,63.8,50.8,1876,90,2.97,9.4,68,31,38,6377.0,8.760453046315272,4.499809670330265,7.53689712956617,0,1,1,0,0,1,0,1,0,1,0,0,0,1,0,0,0,0,1,0,0,1,0,0,0
93.7,157.3,63.8,50.8,2128,98,3.03,7.6,102,24,30,7957.0,8.981807323377534,4.584967478670572,7.662937850461535,0,1,0,1,0,1,0,1,0,1,0,0,0,1,0,0,0,0,1,0,0,0,0,1,0
93.7,157.3,63.8,50.6,1967,90,2.97,9.4,68,31,38,6229.0,8.736971085254146,4.499809670330265,7.584264818389059,0,1,1,0,0,1,0,1,0,1,0,0,0,1,0,0,0,0,1,0,0,1,0,0,0
93.7,157.3,63.8,50.6,1989,90,2.97,9.4,68,31,38,6692.0,8.808668062106715,4.499809670330265,7.595387278853972,0,1,1,0,0,0,1,1,0,1,0,0,0,1,0,0,0,0,1,0,0,1,0,0,0
93.7,157.3,63.8,50.6,1989,90,2.97,9.4,68,31,38,7609.0,8.937087036176523,4.499809670330265,7.595387278853972,0,1,1,0,0,0,1,1,0,1,0,0,0,1,0,0,0,0,1,0,0,1,0,0,0
93.7,157.3,63.8,50.6,2191,98,3.03,7.6,102,24,30,8558.0,9.054621796976765,4.584967478670572,7.692113339595466,0,1,0,1,0,0,1,1,0,1,0,0,0,1,0,0,0,0,1,0,0,0,0,1,0
103.3,174.6,64.6,59.8,2535,122,3.34,8.5,88,24,30,8921.0,9.096163326913784,4.804021044733257,7.837948916025283,0,1,1,0,0,0,0,1,0,1,0,0,0,1,0,0,0,0,1,0,0,1,0,0,0
95.9,173.2,66.3,50.2,2811,156,3.6,7.0,145,19,24,12964.0,9.469931564261438,5.049856007249537,7.941295570906532,0,1,0,1,0,1,0,1,0,1,0,0,0,1,0,0,0,0,1,0,0,0,0,0,1
86.6,144.6,63.9,50.8,1713,92,2.91,9.6,58,49,54,6479.0,8.776321456449958,4.5217885770490405,7.44600149832412,0,1,1,0,0,1,0,1,0,1,0,0,0,1,0,0,0,0,1,0,1,0,0,0,0
86.6,144.6,63.9,50.8,1819,92,2.91,9.2,76,31,38,6855.0,8.832733591996416,4.5217885770490405,7.506042178518122,0,1,1,0,0,1,0,1,0,1,0,0,0,1,0,0,0,0,1,0,1,0,0,0,0
93.7,150.0,64.0,52.6,1837,79,2.91,10.1,60,38,42,5399.0,8.593969030218288,4.3694478524670215,7.515889085215125,0,1,1,0,0,1,0,1,0,1,0,0,0,1,0,0,0,0,1,0,1,0,0,0,0
93.7,150.0,64.0,52.6,1940,92,2.91,9.2,76,30,34,6529.0,8.784009071186633,4.5217885770490405,7.570443252057374,0,1,1,0,0,1,0,1,0,1,0,0,0,1,0,0,0,0,1,0,1,0,0,0,0
93.7,150.0,64.0,52.6,1956,92,2.91,9.2,76,30,34,7129.0,8.871926251117628,4.5217885770490405,7.578656850594762,0,1,1,0,0,1,0,1,0,1,0,0,0,1,0,0,0,0,1,0,1,0,0,0,0
96.5,163.4,64.0,54.5,2010,92,2.91,9.2,76,30,34,7295.0,8.894944460956886,4.5217885770490405,7.605890001053122,0,1,1,0,0,0,1,1,0,1,0,0,0,1,0,0,0,0,1,0,1,0,0,0,0
96.5,157.1,63.9,58.3,2024,92,2.92,9.2,76,30,34,7295.0,8.894944460956886,4.5217885770490405,7.6128310304073565,0,1,1,0,0,0,0,1,0,1,0,0,0,1,0,0,0,0,1,0,1,0,0,0,0
96.5,167.5,65.2,53.3,2236,110,3.15,9.0,86,27,33,7895.0,8.973984926689743,4.700480365792417,7.71244383427499,0,1,1,0,0,1,0,1,0,1,0,0,0,1,0,0,0,0,1,0,1,0,0,0,0
96.5,167.5,65.2,53.3,2289,110,3.15,9.0,86,27,33,9095.0,9.115480090952223,4.700480365792417,7.735870319952567,0,1,1,0,0,1,0,1,0,1,0,0,0,1,0,0,0,0,1,0,1,0,0,0,0
96.5,175.4,65.2,54.1,2304,110,3.15,9.0,86,27,33,8845.0,9.087607606593886,4.700480365792417,7.742402021815782,0,1,1,0,0,0,1,1,0,1,0,0,0,1,0,0,0,0,1,0,1,0,0,0,0
96.5,175.4,62.5,54.1,2372,110,3.15,9.0,86,27,33,10295.0,9.23941361946189,4.700480365792417,7.771488760117616,0,1,1,0,0,0,1,1,0,1,0,0,0,1,0,0,0,0,1,0,1,0,0,0,0
96.5,175.4,65.2,54.1,2465,110,3.15,9.0,101,24,28,12945.0,9.468464892185638,4.700480365792417,7.80994708647679,0,1,1,0,0,0,1,1,0,1,0,0,0,1,0,0,0,0,1,0,0,0,0,1,1
96.5,169.1,66.0,51.0,2293,110,3.15,9.1,100,25,31,10345.0,9.244258590179644,4.700480365792417,7.737616282857904,0,1,1,0,0,0,1,1,0,1,0,0,0,1,0,0,0,0,1,0,0,1,0,0,0
94.3,170.7,61.8,53.5,2337,111,3.31,8.5,78,24,29,6785.0,8.82246957226897,4.709530201312334,7.756623334538858,0,1,1,0,0,0,1,0,1,1,0,0,0,1,0,0,0,0,1,0,0,1,0,0,0
94.5,155.9,63.6,52.0,1874,90,3.03,9.6,70,38,43,8916.5,9.095658771892568,4.499809670330265,7.535830462798367,0,1,1,0,0,0,1,1,0,1,0,0,0,1,0,0,0,0,1,0,0,1,0,0,0
94.5,155.9,63.6,52.0,1909,90,3.03,9.6,70,38,43,8916.5,9.095658771892568,4.499809670330265,7.554334823725748,0,1,1,0,0,0,1,1,0,1,0,0,0,1,0,0,0,0,1,0,0,1,0,0,0
96.0,172.6,65.2,51.4,2734,119,3.43,9.2,90,24,29,11048.0,9.310004695089129,4.77912349311153,7.913521017283895,0,1,1,0,0,1,0,0,1,1,0,0,0,1,0,0,0,0,1,0,0,0,0,0,0
113.0,199.6,69.6,52.8,4066,258,3.63,8.1,176,15,19,32250.0,10.38127332222392,5.552959584921617,8.310414994188292,0,1,1,0,0,0,1,0,1,1,0,1,0,0,0,0,0,0,0,1,0,0,0,1,1
113.0,199.6,69.6,52.8,4066,258,3.63,8.1,176,15,19,35550.0,10.478695435231389,5.552959584921617,8.310414994188292,0,1,1,0,0,0,1,0,1,1,0,1,0,0,0,0,0,0,0,1,0,0,0,1,1
102.0,191.7,70.6,47.8,3950,326,3.54,11.5,262,13,17,36000.0,10.491274217438248,5.786897381366708,8.281470857895167,0,1,1,0,0,0,1,0,1,1,0,0,0,0,0,1,0,0,0,0,0,0,0,1,1
93.1,159.1,64.2,54.1,1890,91,3.03,9.0,68,30,31,5195.0,8.555451903533328,4.51085950651685,7.544332108053688,0,1,1,0,0,1,0,1,0,1,0,0,0,1,0,0,0,0,1,0,0,1,0,0,0
93.1,159.1,64.2,54.1,1900,91,3.03,9.0,68,31,38,6095.0,8.715224041915372,4.51085950651685,7.549609165154532,0,1,1,0,0,1,0,1,0,1,0,0,0,1,0,0,0,0,1,0,0,1,0,0,0
93.1,159.1,64.2,54.1,1905,91,3.03,9.0,68,31,38,6795.0,8.823942326585245,4.51085950651685,7.552237287560802,0,1,1,0,0,1,0,1,0,1,0,0,0,1,0,0,0,0,1,0,0,1,0,0,0
93.1,166.8,64.2,54.1,1945,91,3.03,9.0,68,31,38,6695.0,8.809116258125274,4.51085950651685,7.573017256052546,0,1,1,0,0,0,1,1,0,1,0,0,0,1,0,0,0,0,1,0,0,1,0,0,0
93.1,166.8,64.2,54.1,1950,91,3.08,9.0,68,31,38,7395.0,8.9085593751449,4.51085950651685,7.575584651557793,0,1,1,0,0,0,1,1,0,1,0,0,0,1,0,0,0,0,1,0,0,1,0,0,0
95.3,169.0,65.7,49.6,2380,70,3.33,9.4,101,17,23,10945.0,9.300638009956964,4.248495242049359,7.77485576666552,0,1,1,0,0,1,0,0,1,1,0,0,0,0,0,0,0,0,0,0,0,0,0,0,0
95.3,169.0,65.7,49.6,2380,70,3.33,9.4,101,17,23,11845.0,9.379661116592883,4.248495242049359,7.77485576666552,0,1,1,0,0,1,0,0,1,1,0,0,0,0,0,0,0,0,0,0,0,0,0,0,0
95.3,169.0,65.7,49.6,2385,70,3.33,9.4,101,17,23,13645.0,9.521128433142438,4.248495242049359,7.776954403322442,0,1,1,0,0,1,0,0,1,1,0,0,0,0,0,0,0,0,0,0,0,0,0,0,1
95.3,169.0,65.7,49.6,2500,80,3.33,9.4,135,16,23,15645.0,9.657906656102982,4.382026634673881,7.824046010856292,0,1,1,0,0,1,0,0,1,1,0,0,0,0,0,0,0,0,0,0,0,0,0,1,1
98.8,177.8,66.5,53.7,2385,122,3.39,8.6,84,26,32,8845.0,9.087607606593886,4.804021044733257,7.776954403322442,0,1,1,0,0,1,0,1,0,1,0,0,0,1,0,0,0,0,1,0,0,1,0,0,0
98.8,177.8,66.5,55.5,2410,122,3.39,8.6,84,26,32,8495.0,9.047233034106032,4.804021044733257,7.787382026484701,0,1,1,0,0,0,1,1,0,1,0,0,0,1,0,0,0,0,1,0,0,1,0,0,0
98.8,177.8,66.5,53.7,2385,122,3.39,8.6,84,26,32,10595.0,9.2681374707024,4.804021044733257,7.776954403322442,0,1,1,0,0,1,0,1,0,1,0,0,0,1,0,0,0,0,1,0,0,1,0,0,0
98.8,177.8,66.5,55.5,2410,122,3.39,8.6,84,26,32,10245.0,9.234545060673,4.804021044733257,7.787382026484701,0,1,1,0,0,0,1,1,0,1,0,0,0,1,0,0,0,0,1,0,0,1,0,0,0
98.8,177.8,66.5,55.5,2443,122,3.39,22.7,64,36,42,10795.0,9.286838342948908,4.804021044733257,7.8009820712577405,1,0,1,0,0,0,1,1,0,1,0,0,0,1,0,0,0,0,1,0,0,0,1,0,0
98.8,177.8,66.5,55.5,2425,122,3.39,8.6,84,26,32,11245.0,9.327678864393416,4.804021044733257,7.793586803371584,0,1,1,0,0,1,0,1,0,1,0,0,0,1,0,0,0,0,1,0,0,1,0,0,0
104.9,175.0,66.1,54.4,2670,140,3.76,8.0,120,19,27,18280.0,9.81356284500814,4.941642422609304,7.889833751394295,0,1,1,0,0,0,1,0,1,1,0,0,0,1,0,0,0,0,1,0,0,0,0,1,1
104.9,175.0,66.1,54.4,2700,134,3.43,22.0,72,31,39,18344.0,9.81705782453774,4.897839799950911,7.90100705199242,1,0,1,0,0,0,1,0,1,1,0,0,0,1,0,0,0,0,1,0,0,0,1,0,1
110.0,190.9,70.3,56.5,3515,183,3.58,21.5,123,22,25,25552.0,10.148470870454794,5.209486152841421,8.164794804244766,1,0,0,1,0,0,1,0,1,1,0,0,0,1,0,0,0,1,0,0,0,0,1,0,1
110.0,190.9,70.3,58.7,3750,183,3.58,21.5,123,22,25,28248.0,10.248777937608224,5.209486152841421,8.229511118964457,1,0,0,1,0,0,0,0,1,1,0,0,0,1,0,0,0,1,0,0,0,0,1,0,1
106.7,187.5,70.3,54.9,3495,183,3.58,21.5,123,22,25,28176.0,10.246225830735987,5.209486152841421,8.15908865466791,1,0,0,1,0,0,0,0,1,1,0,0,0,1,0,0,0,1,0,0,0,0,1,0,1
115.6,202.6,71.7,56.3,3770,183,3.58,21.5,123,22,25,31600.0,10.360912399575003,5.209486152841421,8.234830280442056,1,0,0,1,0,0,1,0,1,1,0,0,0,1,0,0,0,1,0,0,0,0,1,0,1
115.6,202.6,71.7,56.5,3740,234,3.46,8.3,155,16,18,34184.0,10.439512977323862,5.455321115357702,8.226840890408578,0,1,1,0,0,0,1,0,1,1,0,0,0,0,0,1,1,0,0,0,0,0,0,1,1
96.6,180.3,70.5,50.8,3685,234,3.46,8.3,155,16,18,35056.0,10.464702061835249,5.455321115357702,8.212025804623437,0,1,1,0,1,0,0,0,1,1,0,0,0,0,0,1,1,0,0,0,0,0,0,1,1
102.7,178.4,68.0,54.8,2910,140,3.78,8.0,175,19,24,16503.0,9.711297461543568,4.941642422609304,7.975908360165538,0,1,0,1,0,1,0,0,1,1,0,0,0,1,0,0,0,0,1,0,0,0,0,1,1
93.7,157.3,64.4,50.8,1918,92,2.97,9.4,68,37,41,5389.0,8.592115117933497,4.5217885770490405,7.559038255443384,0,1,1,0,0,1,0,1,0,1,0,0,0,1,0,0,0,0,1,0,0,1,0,0,0
93.7,157.3,64.4,50.8,1944,92,2.97,9.4,68,31,38,6189.0,8.73052880173936,4.5217885770490405,7.572502985020384,0,1,1,0,0,1,0,1,0,1,0,0,0,1,0,0,0,0,1,0,0,1,0,0,0
93.7,157.3,64.4,50.8,2004,92,2.97,9.4,68,31,38,6669.0,8.805225202632306,4.5217885770490405,7.602900462204755,0,1,1,0,0,1,0,1,0,1,0,0,0,1,0,0,0,0,1,0,0,1,0,0,0
93.0,157.3,63.8,50.8,2145,98,3.03,7.6,102,24,30,7689.0,8.94754601503218,4.584967478670572,7.670894831362117,0,1,0,1,0,1,0,1,0,1,0,0,0,1,0,0,0,0,1,0,0,0,0,0,0
96.3,173.0,65.4,49.4,2370,110,3.17,7.5,116,23,30,9959.0,9.20623194393164,4.700480365792417,7.770645234129176,0,1,0,1,0,1,0,1,0,1,0,0,0,1,0,0,0,0,1,0,0,0,0,0,0
96.3,173.0,65.4,49.4,2328,122,3.35,8.5,88,25,32,8499.0,9.047703788498628,4.804021044733257,7.752764808851328,0,1,1,0,0,1,0,1,0,1,0,0,0,1,0,0,0,0,1,0,0,1,0,0,0
95.9,173.2,66.3,50.2,2833,156,3.58,7.0,145,19,24,12629.0,9.44375103564617,5.049856007249537,7.949091499830517,0,1,0,1,0,1,0,1,0,1,0,0,0,1,0,0,0,0,1,0,0,0,0,0,0
95.9,173.2,66.3,50.2,2921,156,3.59,7.0,145,19,24,14869.0,9.607033787697222,5.049856007249537,7.979681302387741,0,1,0,1,0,1,0,1,0,1,0,0,0,1,0,0,0,0,1,0,0,0,0,0,1
95.9,173.2,66.3,50.2,2926,156,3.59,7.0,145,19,24,14489.0,9.581145019820722,5.049856007249537,7.98139158158007,0,1,0,1,0,1,0,1,0,1,0,0,0,1,0,0,0,0,1,0,0,0,0,0,1
96.3,172.4,65.4,51.6,2365,122,3.35,8.5,88,25,32,6989.0,8.85209276347713,4.804021044733257,7.768533300926033,0,1,1,0,0,0,1,1,0,1,0,0,0,1,0,0,0,0,1,0,0,1,0,0,0
96.3,172.4,65.4,51.6,2405,122,3.35,8.5,88,25,32,8189.0,9.010547069270189,4.804021044733257,7.785305182539862,0,1,1,0,0,0,1,1,0,1,0,0,0,1,0,0,0,0,1,0,0,1,0,0,0
96.3,172.4,65.4,51.6,2403,110,3.17,7.5,116,23,30,9279.0,9.13550906135318,4.700480365792417,7.784473235736469,0,1,0,1,0,0,1,1,0,1,0,0,0,1,0,0,0,0,1,0,0,0,0,0,0
96.3,172.4,65.4,51.6,2403,110,3.17,7.5,116,23,30,9279.0,9.13550906135318,4.700480365792417,7.784473235736469,0,1,1,0,0,0,1,1,0,1,0,0,0,1,0,0,0,0,1,0,0,0,0,0,0
94.5,165.3,63.8,54.5,1889,97,3.15,9.4,69,31,37,5499.0,8.612321536507814,4.574710978503383,7.543802867501509,0,1,1,0,0,0,1,1,0,1,0,0,0,1,0,0,0,0,1,0,0,1,0,0,0
94.5,165.3,63.8,54.5,2017,103,2.99,21.9,55,45,50,7099.0,8.867709208039386,4.634728988229636,7.6093665379542115,1,0,1,0,0,0,1,1,0,1,0,0,0,1,0,0,0,0,1,0,0,0,1,0,0
94.5,165.3,63.8,54.5,1918,97,3.15,9.4,69,31,37,6649.0,8.802221746402456,4.574710978503383,7.559038255443384,0,1,1,0,0,0,1,1,0,1,0,0,0,1,0,0,0,0,1,0,0,1,0,0,0
94.5,165.3,63.8,54.5,1938,97,3.15,9.4,69,31,37,6849.0,8.831857935197906,4.574710978503383,7.569411792450712,0,1,1,0,0,0,1,1,0,1,0,0,0,1,0,0,0,0,1,0,0,1,0,0,0
94.5,170.2,63.8,53.5,2024,97,3.15,9.4,69,31,37,7349.0,8.90231952852887,4.574710978503383,7.6128310304073565,0,1,1,0,0,0,0,1,0,1,0,0,0,1,0,0,0,0,1,0,0,1,0,0,0
94.5,165.3,63.8,54.5,1951,97,3.15,9.4,69,31,37,7299.0,8.895492631451633,4.574710978503383,7.576097340623111,0,1,1,0,0,0,1,1,0,1,0,0,0,1,0,0,0,0,1,0,0,1,0,0,0
94.5,165.6,63.8,53.3,2028,97,3.15,9.4,69,31,37,7799.0,8.961750799330497,4.574710978503383,7.614805364711073,0,1,1,0,0,1,0,1,0,1,0,0,0,1,0,0,0,0,1,0,0,1,0,0,0
94.5,165.3,63.8,54.5,1971,97,3.15,9.4,69,31,37,7499.0,8.92252495730139,4.574710978503383,7.58629630715272,0,1,1,0,0,0,1,1,0,1,0,0,0,1,0,0,0,0,1,0,0,1,0,0,0
94.5,170.2,63.8,53.5,2037,97,3.15,9.4,69,31,37,7999.0,8.987071812848821,4.574710978503383,7.619233416226805,0,1,1,0,0,0,0,1,0,1,0,0,0,1,0,0,0,0,1,0,0,1,0,0,0
95.1,162.4,63.8,53.3,2008,97,3.15,9.4,69,31,37,8249.0,9.017847259860732,4.574710978503383,7.60489448081162,0,1,1,0,0,0,0,1,0,1,0,0,0,1,0,0,0,0,1,0,0,1,0,0,0
97.2,173.4,65.2,54.7,2324,120,3.33,8.5,97,27,34,8949.0,9.09929707318286,4.787491742782046,7.751045117971802,0,1,1,0,0,1,0,1,0,1,0,0,0,1,0,0,0,0,1,0,0,1,0,0,0
97.2,173.4,65.2,54.7,2302,120,3.33,8.5,97,27,34,9549.0,9.164191715950205,4.787491742782046,7.741533589281828,0,1,1,0,0,0,1,1,0,1,0,0,0,1,0,0,0,0,1,0,0,1,0,0,0
100.4,181.7,66.5,55.1,3095,181,3.43,9.0,152,17,22,13499.0,9.510370887608827,5.198497031265826,8.037543185118697,0,1,1,0,0,0,1,1,0,1,0,0,0,0,0,1,0,0,0,1,0,0,0,1,1
100.4,184.6,66.5,56.1,3296,181,3.43,9.0,152,17,22,14399.0,9.57491403870827,5.198497031265826,8.100464891029363,0,1,1,0,0,0,0,1,0,1,0,0,0,0,0,1,0,0,0,1,0,0,0,1,1
100.4,184.6,66.5,55.1,3060,181,3.43,9.0,152,19,25,13499.0,9.510370887608827,5.198497031265826,8.026170194946426,0,1,1,0,0,0,1,1,0,1,0,0,0,0,0,1,0,0,0,1,0,0,0,1,1
91.3,170.7,67.9,49.7,3071,181,3.43,9.0,160,19,25,17199.0,9.752606521576492,5.198497031265826,8.029758520440822,0,1,1,0,0,1,0,0,1,1,0,0,0,0,0,1,0,0,0,1,0,0,0,1,1
91.3,170.7,67.9,49.7,3139,181,3.43,7.8,200,17,23,19699.0,9.888323152016357,5.198497031265826,8.051659556841953,0,1,0,1,0,1,0,0,1,1,0,0,0,0,0,1,0,0,0,1,0,0,0,1,1
99.2,178.5,67.9,49.7,3139,181,3.43,9.0,160,19,25,18399.0,9.820051594294094,5.198497031265826,8.051659556841953,0,1,1,0,0,1,0,0,1,1,0,0,0,0,0,1,0,0,0,1,0,0,0,1,1
107.9,186.7,68.4,56.7,3020,120,3.46,8.4,97,19,24,11900.0,9.38429367909962,4.787491742782046,8.013012110368916,0,1,1,0,0,0,1,0,1,1,0,0,1,0,0,0,0,0,1,0,0,0,0,1,0
107.9,186.7,68.4,56.7,3197,152,3.7,21.0,95,28,33,13200.0,9.487972108574462,5.0238805208462765,8.069968149059841,1,0,0,1,0,0,1,0,1,1,0,0,1,0,0,0,0,0,1,0,0,0,1,0,1
114.2,198.9,68.4,58.7,3230,120,3.46,8.4,97,19,24,12440.0,9.42867236629317,4.787491742782046,8.080237416216702,0,1,1,0,0,0,0,0,1,1,0,0,1,0,0,0,0,0,1,0,0,0,0,1,0
114.2,198.9,68.4,58.7,3430,152,3.7,21.0,95,25,25,13860.0,9.536762272743896,5.0238805208462765,8.140315540159985,1,0,0,1,0,0,0,0,1,1,0,0,1,0,0,0,0,0,1,0,0,0,1,0,1
107.9,186.7,68.4,56.7,3075,120,3.46,8.4,95,19,24,15580.0,9.65374331942474,4.787491742782046,8.031060180240619,0,1,1,0,0,0,1,0,1,1,0,0,1,0,0,0,0,0,1,0,0,0,0,1,1
107.9,186.7,68.4,56.7,3252,152,3.7,21.0,95,28,33,16900.0,9.735068900911164,5.0238805208462765,8.087025470667701,1,0,0,1,0,0,1,0,1,1,0,0,1,0,0,0,0,0,1,0,0,0,1,0,1
114.2,198.9,68.4,56.7,3285,120,3.46,8.4,95,19,24,16695.0,9.722864552377755,4.787491742782046,8.09712193091871,0,1,1,0,0,0,0,0,1,1,0,0,1,0,0,0,0,0,1,0,0,0,0,1,1
114.2,198.9,68.4,58.7,3485,152,3.7,21.0,95,25,25,17075.0,9.74537068443899,5.0238805208462765,8.156223323194624,1,0,0,1,0,0,0,0,1,1,0,0,1,0,0,0,0,0,1,0,0,0,1,0,1
107.9,186.7,68.4,56.7,3075,120,3.46,8.4,97,19,24,16630.0,9.718963572186974,4.787491742782046,8.031060180240619,0,1,1,0,0,0,1,0,1,1,0,0,1,0,0,0,0,0,1,0,0,0,0,1,1
107.9,186.7,68.4,56.7,3252,152,3.7,21.0,95,28,33,17950.0,9.795345393916424,5.0238805208462765,8.087025470667701,1,0,0,1,0,0,1,0,1,1,0,0,1,0,0,0,0,0,1,0,0,0,1,0,1
108.0,186.7,68.3,56.0,3130,134,3.61,7.0,142,18,24,18150.0,9.806425839692997,4.897839799950911,8.048788283534199,0,1,0,1,0,0,1,0,1,1,0,0,1,0,0,0,0,0,1,0,0,0,0,1,1
93.7,157.3,63.8,50.8,1918,90,2.97,9.4,68,37,41,5572.0,8.625509334899697,4.499809670330265,7.559038255443384,0,1,1,0,0,1,0,1,0,1,0,0,0,1,0,0,0,0,1,0,0,1,0,0,0
93.7,157.3,63.8,50.8,2128,98,3.03,7.6,102,24,30,7957.0,8.981807323377534,4.584967478670572,7.662937850461535,0,1,0,1,0,1,0,1,0,1,0,0,0,1,0,0,0,0,1,0,0,0,0,0,0
93.7,157.3,63.8,50.6,1967,90,2.97,9.4,68,31,38,6229.0,8.736971085254146,4.499809670330265,7.584264818389059,0,1,1,0,0,1,0,1,0,1,0,0,0,1,0,0,0,0,1,0,0,1,0,0,0
93.7,167.3,63.8,50.8,1989,90,2.97,9.4,68,31,38,6692.0,8.808668062106715,4.499809670330265,7.595387278853972,0,1,1,0,0,0,1,1,0,1,0,0,0,1,0,0,0,0,1,0,0,1,0,0,0
93.7,167.3,63.8,50.8,2191,98,2.97,9.4,68,31,38,7609.0,8.937087036176523,4.584967478670572,7.692113339595466,0,1,1,0,0,0,1,1,0,1,0,0,0,1,0,0,0,0,1,0,0,1,0,0,0
103.3,174.6,64.6,59.8,2535,122,3.35,8.5,88,24,30,8921.0,9.096163326913784,4.804021044733257,7.837948916025283,0,1,1,0,0,0,0,1,0,1,0,0,0,1,0,0,0,0,1,0,0,1,0,0,0
95.9,173.2,66.3,50.2,2818,156,3.59,7.0,145,19,24,12764.0,9.454383987398137,5.049856007249537,7.943782692458625,0,1,0,1,0,1,0,0,1,1,0,0,0,1,0,0,0,0,1,0,0,0,0,0,0
94.5,168.9,68.3,50.2,2778,151,3.94,9.5,143,19,27,22018.0,9.999615579630348,5.017279836814924,7.9294865233142895,0,1,1,0,0,1,0,0,1,1,0,0,0,1,0,0,0,0,1,0,0,0,0,1,1
89.5,168.9,65.0,51.6,2756,194,3.74,9.5,207,17,25,32528.0,10.389856535868129,5.267858159063328,7.921535632133549,0,1,1,0,0,0,0,0,1,0,1,0,0,0,1,0,0,0,0,1,0,0,0,1,1
89.5,168.9,65.0,51.6,2756,194,3.74,9.5,207,17,25,34028.0,10.434938994095775,5.267858159063328,7.921535632133549,0,1,1,0,0,0,0,0,1,0,1,0,0,0,1,0,0,0,0,1,0,0,0,1,1
89.5,168.9,65.0,51.6,2800,194,3.74,9.5,207,17,25,37028.0,10.519429662187102,5.267858159063328,7.937374696163295,0,1,1,0,1,0,0,0,1,0,1,0,0,0,1,0,0,0,0,1,0,0,0,1,1
98.4,175.7,72.3,50.5,3366,203,3.94,10.0,288,17,28,31400.5,10.354579095336446,5.313205979041787,8.121480374750751,0,1,1,0,0,1,0,0,1,1,0,0,0,0,0,0,1,0,0,0,0,0,0,1,1
96.1,181.5,66.5,55.2,2579,132,3.46,8.7,90,23,31,9295.0,9.137231900155545,4.882801922586371,7.855157005881344,0,1,1,0,0,0,0,1,0,1,0,0,0,1,0,0,0,0,1,0,0,0,0,1,0
96.1,176.8,66.6,50.5,2460,132,3.46,8.7,90,23,31,9895.0,9.199784858036669,4.882801922586371,7.807916628926408,0,1,1,0,0,1,0,1,0,1,0,0,0,1,0,0,0,0,1,0,0,0,0,1,0
99.1,186.6,66.5,56.1,2658,121,3.54,9.31,110,21,28,11850.0,9.380083146563278,4.795790545596741,7.885329239273191,0,1,1,0,0,1,0,1,0,1,0,0,0,1,0,0,0,0,1,0,0,0,0,1,0
99.1,186.6,66.5,56.1,2695,121,3.54,9.3,110,21,28,12170.0,9.406729185981574,4.795790545596741,7.899153483343097,0,1,1,0,0,0,1,1,0,1,0,0,0,1,0,0,0,0,1,0,0,0,0,1,0
99.1,186.6,66.5,56.1,2707,121,2.54,9.3,110,21,28,15040.0,9.618468597503831,4.795790545596741,7.903596289614301,0,1,1,0,0,1,0,1,0,1,0,0,0,1,0,0,0,0,1,0,0,0,0,1,1
99.1,186.6,66.5,56.1,2758,121,3.54,9.3,110,21,28,15510.0,9.649240256170584,4.795790545596741,7.922261058353247,0,1,1,0,0,0,1,1,0,1,0,0,0,1,0,0,0,0,1,0,0,0,0,1,1
99.1,186.6,66.5,56.1,2808,121,3.54,9.0,160,19,26,18150.0,9.806425839692997,4.795790545596741,7.940227765145702,0,1,0,1,0,1,0,1,0,1,0,1,0,0,0,0,0,0,1,0,0,0,0,1,1
99.1,186.6,66.5,56.1,2847,121,3.54,9.0,160,19,26,18620.0,9.831991550831058,4.795790545596741,7.954021087278037,0,1,0,1,0,0,1,1,0,1,0,1,0,0,0,0,0,0,1,0,0,0,0,1,1
93.7,156.9,63.4,53.7,2050,97,3.62,9.0,69,31,36,5118.0,8.540519016719735,4.574710978503383,7.625595072132453,0,1,1,0,0,1,0,1,0,1,0,0,0,0,1,0,0,0,1,0,0,1,0,0,0
93.7,157.9,63.6,53.7,2120,108,3.62,8.7,73,26,31,7053.0,8.86120833720818,4.68213122712422,7.659171367666058,0,1,1,0,0,1,0,1,0,1,0,0,0,0,1,0,0,0,1,0,0,1,0,0,0
93.3,157.3,63.8,55.7,2240,108,3.62,8.7,73,26,31,7603.0,8.936298185228436,4.68213122712422,7.714231144849085,0,1,1,0,0,1,0,0,0,1,0,0,0,0,1,0,0,0,1,0,0,1,0,0,0
97.2,172.0,65.4,52.5,2145,108,3.62,9.5,82,32,37,7126.0,8.871505346165781,4.68213122712422,7.670894831362117,0,1,1,0,0,0,1,1,0,1,0,0,0,0,1,0,0,0,1,0,0,1,0,0,0
97.2,172.0,65.4,52.5,2190,108,3.62,9.5,82,28,33,7775.0,8.958668737047434,4.68213122712422,7.691656822810547,0,1,1,0,0,0,1,1,0,1,0,0,0,0,1,0,0,0,1,0,0,1,0,0,0
97.2,172.0,65.4,52.5,2340,108,3.62,9.0,94,26,32,9960.0,9.206332350578643,4.68213122712422,7.757906208351747,0,1,1,0,0,0,1,1,0,1,0,0,0,0,1,0,0,0,1,0,0,0,0,1,0
97.0,172.0,65.4,54.3,2385,108,3.62,9.0,82,24,25,9233.0,9.130539301772629,4.68213122712422,7.776954403322442,0,1,1,0,0,0,1,0,0,1,0,0,0,0,1,0,0,0,1,0,0,1,0,0,0
97.0,172.0,65.4,54.3,2510,108,3.62,7.7,111,24,29,11259.0,9.32892308780313,4.68213122712422,7.828038032125829,0,1,0,1,0,0,1,0,0,1,0,0,0,0,1,0,0,0,1,0,0,0,0,1,0
97.0,173.5,65.4,53.0,2290,108,3.62,9.0,82,28,32,7463.0,8.917712757131387,4.68213122712422,7.736307096548285,0,1,1,0,0,0,0,1,0,1,0,0,0,0,1,0,0,0,1,0,0,1,0,0,0
97.0,173.5,65.4,53.0,2455,108,3.62,9.0,94,25,31,10198.0,9.2299469016151,4.68213122712422,7.805882040228621,0,1,1,0,0,0,0,1,0,1,0,0,0,0,1,0,0,0,1,0,0,0,0,1,0
96.9,173.6,65.4,54.9,2420,108,3.62,9.0,82,23,29,8013.0,8.98882050177807,4.68213122712422,7.791522819150732,0,1,1,0,0,0,0,0,0,1,0,0,0,0,1,0,0,0,1,0,0,1,0,0,0
96.9,173.6,65.4,54.9,2650,108,3.62,7.7,111,23,23,11694.0,9.366831168735615,4.68213122712422,7.882314918980268,0,1,0,1,0,0,0,0,0,1,0,0,0,0,1,0,0,0,1,0,0,0,0,1,0
95.7,158.7,63.6,54.5,1985,92,3.05,9.0,62,35,39,5348.0,8.584477938221834,4.5217885770490405,7.59337419312129,0,1,1,0,0,1,0,1,0,1,0,0,0,1,0,0,0,0,1,0,0,1,0,0,0
95.7,158.7,63.6,54.5,2040,92,3.05,9.0,62,31,38,6338.0,8.754318540250866,4.5217885770490405,7.620705086838262,0,1,1,0,0,1,0,1,0,1,0,0,0,1,0,0,0,0,1,0,0,1,0,0,0
95.7,158.7,63.6,54.5,2015,92,3.05,9.0,62,31,38,6488.0,8.77770959579525,4.5217885770490405,7.608374474380783,0,1,1,0,0,1,0,1,0,1,0,0,0,1,0,0,0,0,1,0,0,1,0,0,0
95.7,169.7,63.6,59.1,2280,92,3.05,9.0,62,31,37,6918.0,8.841881989497114,4.5217885770490405,7.731930721948486,0,1,1,0,0,0,0,1,0,1,0,0,0,1,0,0,0,0,1,0,0,1,0,0,0
95.7,169.7,63.6,59.1,2290,92,3.05,9.0,62,27,32,7898.0,8.974364841846596,4.5217885770490405,7.736307096548285,0,1,1,0,0,0,0,0,0,1,0,0,0,1,0,0,0,0,1,0,0,1,0,0,0
95.7,169.7,63.6,59.1,3110,92,3.05,9.0,62,27,32,8778.0,9.08000387024818,4.5217885770490405,8.04237800517328,0,1,1,0,0,0,0,0,0,1,0,0,0,1,0,0,0,0,1,0,0,1,0,0,0
95.7,166.3,64.4,53.0,2081,98,3.19,9.0,70,30,37,6938.0,8.844768827529695,4.584967478670572,7.640603826393634,0,1,1,0,0,0,1,1,0,1,0,0,0,1,0,0,0,0,1,0,0,1,0,0,0
95.7,166.3,64.4,52.8,2109,98,3.19,9.0,70,30,37,7198.0,8.881558488638976,4.584967478670572,7.653969180478774,0,1,1,0,0,1,0,1,0,1,0,0,0,1,0,0,0,0,1,0,0,1,0,0,0
95.7,166.3,64.4,53.0,2275,110,3.27,22.5,56,34,36,7898.0,8.974364841846596,4.700480365792417,7.729735331385051,1,0,1,0,0,0,1,1,0,1,0,0,0,1,0,0,0,0,1,0,0,0,1,0,0
95.7,166.3,64.4,52.8,2275,110,3.27,22.5,56,38,47,7788.0,8.960339366492091,4.700480365792417,7.729735331385051,1,0,1,0,0,1,0,1,0,1,0,0,0,1,0,0,0,0,1,0,0,0,1,0,0
95.7,166.3,64.4,53.0,2094,98,3.19,9.0,70,38,47,7738.0,8.953898535260459,4.584967478670572,7.646831391430482,0,1,1,0,0,0,1,1,0,1,0,0,0,1,0,0,0,0,1,0,0,1,0,0,0
95.7,166.3,64.4,52.8,2122,98,3.19,9.0,70,28,34,8358.0,9.03097444300786,4.584967478670572,7.660114319173928,0,1,1,0,0,1,0,1,0,1,0,0,0,1,0,0,0,0,1,0,0,1,0,0,0
95.7,166.3,64.4,52.8,2140,98,3.19,9.0,70,28,34,9258.0,9.133243321591216,4.584967478670572,7.668561108015897,0,1,1,0,0,0,1,1,0,1,0,0,0,1,0,0,0,0,1,0,0,1,0,0,0
94.5,168.7,64.0,52.6,2169,98,3.19,9.0,70,29,34,8058.0,8.994420665751292,4.584967478670572,7.682021510826875,0,1,1,0,0,0,1,0,1,1,0,0,0,1,0,0,0,0,1,0,0,1,0,0,0
94.5,168.7,64.0,52.6,2204,98,3.19,9.0,70,29,34,8238.0,9.016512874996026,4.584967478670572,7.698029170272805,0,1,1,0,0,1,0,0,1,1,0,0,0,1,0,0,0,0,1,0,0,1,0,0,0
98.4,176.2,65.6,52.0,2540,146,3.62,9.3,116,24,30,8449.0,9.041803370152843,4.983606621708336,7.8399193600125825,0,1,1,0,0,0,0,0,1,1,0,0,0,1,0,0,0,0,1,0,0,0,0,1,0
98.4,176.2,65.6,52.0,2536,146,3.62,9.3,116,24,30,9639.0,9.173572647783969,4.983606621708336,7.8383433155571165,0,1,1,0,0,0,0,0,1,1,0,0,0,1,0,0,0,0,1,0,0,0,0,1,0
98.4,176.2,65.6,52.0,2551,146,3.62,9.3,116,24,30,9989.0,9.20923976653215,4.983606621708336,7.844240718141811,0,1,1,0,0,1,0,0,1,1,0,0,0,1,0,0,0,0,1,0,0,0,0,1,0
98.4,176.2,65.6,52.0,2679,146,3.62,9.3,116,24,30,11199.0,9.323579767582691,4.983606621708336,7.893198869544609,0,1,1,0,0,0,0,0,1,1,0,0,0,1,0,0,0,0,1,0,0,0,0,1,0
98.4,176.2,65.6,52.0,2714,146,3.62,9.3,116,24,30,11549.0,9.354354132115088,4.983606621708336,7.906178840394815,0,1,1,0,0,1,0,0,1,1,0,0,0,1,0,0,0,0,1,0,0,0,0,1,0
98.4,176.2,65.6,53.0,2975,146,3.62,9.3,116,24,30,17669.0,9.77956697061665,4.983606621708336,7.99799931797973,0,1,1,0,1,0,0,0,1,1,0,0,0,1,0,0,0,0,1,0,0,0,0,1,1
102.4,175.6,66.5,54.9,2326,122,3.31,8.7,92,29,34,8948.0,9.09918532261002,4.804021044733257,7.75190533307861,0,1,1,0,0,0,1,1,0,1,0,0,0,1,0,0,0,0,1,0,0,0,0,1,0
102.4,175.6,66.5,54.9,2480,110,3.27,22.5,73,30,33,10698.0,9.277812087091196,4.700480365792417,7.8160138391590275,1,0,0,1,0,0,1,1,0,1,0,0,0,1,0,0,0,0,1,0,0,0,1,0,0
102.4,175.6,66.5,53.9,2414,122,3.31,8.7,92,27,32,9988.0,9.209139651399664,4.804021044733257,7.789040401657477,0,1,1,0,0,1,0,1,0,1,0,0,0,1,0,0,0,0,1,0,0,0,0,1,0
102.4,175.6,66.5,54.9,2414,122,3.31,8.7,92,27,32,10898.0,9.296334565143043,4.804021044733257,7.789040401657477,0,1,1,0,0,0,1,1,0,1,0,0,0,1,0,0,0,0,1,0,0,0,0,1,0
102.4,175.6,66.5,53.9,2458,122,3.31,8.7,92,27,32,11248.0,9.327945614050446,4.804021044733257,7.80710329012598,0,1,1,0,0,1,0,1,0,1,0,0,0,1,0,0,0,0,1,0,0,0,0,1,0
102.9,183.5,67.7,52.0,2976,171,3.27,9.3,161,20,24,16558.0,9.71462464769875,5.14166355650266,7.998335395952982,0,1,1,0,0,1,0,0,1,1,0,1,0,0,0,0,0,0,0,1,0,0,0,1,1
102.9,183.5,67.7,52.0,3016,171,3.27,9.3,161,19,24,15998.0,9.680218993408769,5.14166355650266,8.011686729127847,0,1,1,0,0,1,0,0,1,1,0,1,0,0,0,0,0,0,0,1,0,0,0,1,1
104.5,187.8,66.5,54.1,3131,171,3.27,9.2,156,20,24,15690.0,9.660778845727078,5.14166355650266,8.049107721326406,0,1,1,0,0,0,1,0,1,1,0,1,0,0,0,0,0,0,0,1,0,0,0,1,1
104.5,187.8,66.5,54.1,3151,161,3.27,9.2,156,19,24,15750.0,9.66459564425378,5.081404364984463,8.055475141757274,0,1,1,0,0,0,0,0,1,1,0,1,0,0,0,0,0,0,0,1,0,0,0,1,1
97.3,171.7,65.5,55.7,2261,97,3.01,23.0,52,37,46,7775.0,8.958668737047434,4.574710978503383,7.72356247227797,1,0,1,0,0,0,1,1,0,1,0,0,0,1,0,0,0,0,1,0,0,0,1,0,0
97.3,171.7,65.5,55.7,2209,109,3.19,9.0,85,27,34,7975.0,8.984066927653044,4.691347882229144,7.700295203420117,0,1,1,0,0,0,1,1,0,1,0,0,0,1,0,0,0,0,1,0,0,0,0,1,0
97.3,171.7,65.5,55.7,2264,97,3.01,23.0,52,37,46,7995.0,8.986571625268054,4.574710978503383,7.724888439323074,1,0,1,0,0,0,1,1,0,1,0,0,0,1,0,0,0,0,1,0,0,0,1,0,0
97.3,171.7,65.5,55.7,2212,109,3.19,9.0,85,27,34,8195.0,9.01127949117793,4.691347882229144,7.701652362642226,0,1,1,0,0,0,1,1,0,1,0,0,0,1,0,0,0,0,1,0,0,0,0,1,0
97.3,171.7,65.5,55.7,2275,109,3.19,9.0,85,27,34,8495.0,9.047233034106032,4.691347882229144,7.729735331385051,0,1,1,0,0,0,1,1,0,1,0,0,0,1,0,0,0,0,1,0,0,0,0,1,0
97.3,171.7,65.5,55.7,2319,97,3.01,23.0,68,37,42,9495.0,9.158520623246384,4.574710978503383,7.7488913372555315,1,0,0,1,0,0,1,1,0,1,0,0,0,1,0,0,0,0,1,0,0,0,1,0,0
97.3,171.7,65.5,55.7,2300,109,3.19,10.0,100,26,32,9995.0,9.2098402469345,4.691347882229144,7.7406644019172415,0,1,1,0,0,0,1,1,0,1,0,0,0,1,0,0,0,0,1,0,0,0,0,1,0
94.5,159.3,64.2,55.6,2254,109,3.19,8.5,90,24,29,11595.0,9.358329249689632,4.691347882229144,7.720461694599722,0,1,1,0,1,0,0,1,0,1,0,0,0,1,0,0,0,0,1,0,0,0,0,1,0
94.5,165.7,64.0,51.4,2221,109,3.19,8.5,90,24,29,9980.0,9.20833836930551,4.691347882229144,7.7057128238944275,0,1,1,0,0,1,0,1,0,1,0,0,0,1,0,0,0,0,1,0,0,0,0,1,0
100.4,180.2,66.9,55.1,2661,136,3.19,8.5,110,19,24,13295.0,9.49514330367712,4.912654885736052,7.886457270977689,0,1,1,0,0,0,1,1,0,1,0,0,0,1,0,0,0,1,0,0,0,0,0,1,1
100.4,180.2,66.9,55.1,2579,97,3.01,23.0,68,33,38,13845.0,9.53567943560506,4.574710978503383,7.855157005881344,1,0,0,1,0,0,1,1,0,1,0,0,0,1,0,0,0,0,1,0,0,0,1,0,1
100.4,183.1,66.9,55.1,2563,109,3.19,9.0,88,25,31,12290.0,9.41654120256008,4.691347882229144,7.848933726364071,0,1,1,0,0,0,0,1,0,1,0,0,0,1,0,0,0,0,1,0,0,0,0,1,0
104.3,188.8,67.2,56.2,2912,141,3.78,9.5,114,23,28,12940.0,9.468078568054892,4.948759890378168,7.976595409316577,0,1,1,0,0,0,1,0,1,1,0,0,0,1,0,0,0,0,1,0,0,0,0,1,1
104.3,188.8,67.2,57.5,3034,141,3.78,9.5,114,23,28,13415.0,9.504128762859724,4.948759890378168,8.017637159908478,0,1,1,0,0,0,0,0,1,1,0,0,0,1,0,0,0,0,1,0,0,0,0,1,1
104.3,188.8,67.2,56.2,2935,141,3.78,9.5,114,24,28,15985.0,9.679406061493944,4.948759890378168,7.984462732262196,0,1,1,0,0,0,1,0,1,1,0,0,0,1,0,0,0,0,1,0,0,0,0,1,1
104.3,188.8,67.2,57.5,3042,141,3.78,9.5,114,24,28,16515.0,9.71202433782489,4.948759890378168,8.020270472819238,0,1,1,0,0,0,0,0,1,1,0,0,0,1,0,0,0,0,1,0,0,0,0,1,1
104.3,188.8,67.2,56.2,3045,130,3.62,7.5,162,17,22,18420.0,9.821192309809298,4.867534450455582,8.021256180143997,0,1,0,1,0,0,1,0,1,1,0,0,0,1,0,0,0,0,1,0,0,0,0,1,1
104.3,188.8,67.2,57.5,3157,130,3.62,7.5,162,17,22,18950.0,9.849559210510572,4.867534450455582,8.057377488557991,0,1,0,1,0,0,0,0,1,1,0,0,0,1,0,0,0,0,1,0,0,0,0,1,1
109.1,188.8,68.9,55.5,2952,141,3.78,9.5,114,23,28,16845.0,9.731809155840653,4.948759890378168,7.990238185720363,0,1,1,0,0,0,1,0,1,1,0,0,0,1,0,0,0,0,1,0,0,0,0,1,1
109.1,188.8,68.8,55.5,3049,141,3.78,8.7,160,19,25,19045.0,9.854559878912704,4.948759890378168,8.022568946988255,0,1,0,1,0,0,1,0,1,1,0,0,0,1,0,0,0,0,1,0,0,0,0,1,1
109.1,188.8,68.9,55.5,3012,173,3.58,8.8,134,18,23,21485.0,9.975110296209095,5.153291594497779,8.010359588919783,0,1,1,0,0,0,1,0,1,1,0,0,0,0,0,1,0,0,0,1,0,0,0,1,1
109.1,188.8,68.9,55.5,3217,145,3.01,23.0,106,26,27,22470.0,10.019936365179374,4.976733742420574,8.076204527239026,1,0,0,1,0,0,1,0,1,1,0,0,0,1,0,0,0,0,0,1,0,0,1,0,1
109.1,188.8,68.9,55.5,3062,141,3.78,9.5,114,19,25,22625.0,10.026810768568128,4.948759890378168,8.026823576217629,0,1,0,1,0,0,1,0,1,1,0,0,0,1,0,0,0,0,1,0,0,0,0,1,1
